component_id,n_pdbs,pdb_ids
DAL,390,148L 1AJ1 1BCK 1BFW 1BZV 1C4B 1C5F 1CSA 1CWA 1CWB 1CWC 1CWF 1CWH 1CWI 1CWJ 1CWK 1CWL 1CWM 1CYA 1CYB 1CZQ 1DSR 1EVA 1EVB 1FJM 1FVM 1GAC 1GO6 1H0I 1HHZ 1IC9 1ICL 1ICO 1IKF 1LCM 1LOC 1M63 1MF8 1MIK 1P4N 1PEK 1QNG 1QNH 1SN9 1SNA 1SNE 1T5M 1T5N 1T7D 1VBS 1W9N 1W9V 1WB0 1WCO 1XOF 1XQ7 1XT7 1ZMH 1ZMI 1ZMK 2AIZ 2APH 2BDX 2DDE 2EAX 2ESL 2GYP 2HVF 2IAE 2IE3 2IH1 2IH3 2K9R 2KQQ 2KTO 2L1Y 2LOC 2M7C 2M7D 2MH5 2MJ9 2MTZ 2NBL 2NPP 2NYL 2NYM 2OJU 2POY 2Q33 2Q3I 2R3C 2R5B 2R5D 2RMA 2RMB 2RMC 2RQO 2WFJ 2WW6 2WW7 2X2C 2X7K 2Z6W 3BO7 3BOG 3BV9 3CHF 3CYS 3DW8 3EOV 3FGA 3FQ9 3FSM 3GI0 3GKR 3GO0 3HBO 3HLO 3IIQ 3ITB 3IWY 3JSD 3LNJ 3ODI 3ODL 3OYP 3P2X 3PMP 3ROV 3RUL 3RUM 3RUN 3S04 3TD5 3TJW 3TPX 3TRV 3TRY 3UE7 3VFJ 3VFK 3ZG5 4BPJ 4BXD 4BXE 4CHX 4DGC 4FN5 4GLN 4GLS 4HY7 4I5L 4I5N 4II9 4IPZ 4JJM 4KNL 4NIB 4OIJ 4OIK 4PJZ 4PK0 4THN 4TOT 4WKM 4X0W 4X1P 4YV9 5A0E 5AA1 5AA2 5CGN 5CGO 5CTV 5E5T 5E5Y 5EC2 5EFJ 5F1W 5GDS 5GO7 5GO8 5GOB 5GOC 5GOD 5GOG 5GOH 5GOI 5GOJ 5GOK 5HHC 5HHD 5HSV 5I1N 5I1O 5I1P 5I1S 5I5A 5I5B 5J5X 5J8P 5JBV 5JBY 5JPF 5KWP 5KX0 5N8J 5N8W 5NGQ 5X3M 5X3O 5XDP 5XPK 5Z5Q 5Z5R 6ANF 6ANM 6ANN 6B17 6BER 6BES 6C0H 6C0Y 6CNU 6D37 6DDE 6DDF 6DNO 6FBT 6FCR 6FCS 6FI5 6HMZ 6JN0 6JN1 6JV7 6KBE 6KZF 6KZU 6NDX 6O4M 6OBQ 6OBR 6OBU 6PHM 6PHN 6PHQ 6Q6W 6Q6X 6Q77 6Q79 6Q85 6Q86 6Q87 6Q8D 6Q8G 6Q8H 6QM1 6QYR 6QYT 6QYU 6QYV 6QYW 6RK9 6UF8 6VE9 6VGT 6VJQ 6VLJ 6WSJ 6XIC 6XID 6XIE 6XIF 6Y0W 6Y0X 6YFY 6Z7H 6Z7J 7AJZ 7AUE 7BDR 7BDS 7F9Z 7JU9 7JVF 7LL8 7LL9 7M3G 7MDX 7O55 7P5R 7PCJ 7PIU 7QGV 7QQ3 7RAP 7RC6 7RC8 7RIH 7RIJ 7RMQ 7RMR 7RMS 7S1M 7S5G 7S5H 7T8Y 7T8Z 7TV8 7U9K 7UBD 7UBH 7UG7 7X7N 7Y66 7YH8 7Z5Y 7Z5Z 7Z6A 7Z6K 7Z8O 8AVR 8AVS 8AVT 8AVU 8B58 8B7Y 8C5J 8CTO 8CWX 8EFQ 8F0Z 8F10 8F12 8F13 8F14 8F15 8F16 8F17 8F7S 8FIF 8G82 8GJS 8GQP 8I95 8I9A 8JH6 8K9K 8K9L 8KC9 8PKW 8PKX 8PXY 8PXZ 8Q7J 8R6C 8R7S 8R7T 8R7U 8R8M 8TM9 8V4B 8VX7 8Y72 8Y73 9CY4 9DEM 9F00 9F01 9GXE 9GXG 9H8R 9IO3 9J3S 9KUG 9KXS 9KZ2 9KZ8 9LYH 9NLO 9ODM 9ODN 9UMJ 9UMX 9WST 9WSV 9YDP 9YDQ 9YDR
DAR,128,1BDK 1BFW 1CFA 1CVQ 1CW8 1CWZ 1CZQ 1MHW 2JUE 2KMJ 2KQL 2Q33 3AGM 3BOG 3BV9 3FHV 3GO0 3IWY 3LNJ 3MGN 3TJW 3TPX 3TRV 3TRY 3U8O 3U8R 3U8T 3UE7 4GLS 4GLU 4KS6 4OIJ 4OIK 4Q6S 4TTK 4TTM 4TTN 4TTO 5E5T 5E5Y 5GO7 5GO8 5GOB 5GOC 5GOD 5GOG 5GOH 5GOI 5GOJ 5GOK 5HHC 5HHD 5I1N 5I1O 5I1P 5I1S 5I5A 5I5B 5INZ 5IZF 5IZJ 5J5X 5J8P 5JBV 5JBY 5KWO 5KX0 5X3M 5X3O 5XDP 5XPK 5ZMQ 5ZMS 6BE7 6BEN 6CNU 6JV7 6KZF 6MQU 6O4M 6PHM 6PHN 6PHQ 6PT2 6TVJ 6UDR 6UDW 6UF7 6WSJ 6XBE 6XBF 6YFY 7B3J 7B3K 7KJM 7KJN 7LL9 7M3G 7OOV 7OOW 7OOX 7QQ3 7RMQ 7RMR 7RMS 7UGW 7VXY 7Y65 7Y67 7YH8 8B7Y 8BE6 8BE7 8CN6 8F15 8F16 8GQP 8HPT 8JH6 8P6Q 8Y9V 9B4K 9DXX 9F00 9F01 9IO3 9NAT 9UMR
DAS,102,1AN1 1BFW 1C4B 1ZEA 2KQL 2Q33 2R5B 2R5D 2W6U 3BOG 3IWY 3L35 3L36 3L37 3MGN 3TJW 3TRV 3TRY 3UE7 4GLN 4GLS 4GLU 4K7T 4KTY 4OIJ 4OIK 4TTK 5E5T 5E5Y 5GO7 5GO8 5GOB 5GOC 5GOD 5GOG 5GOH 5GOI 5GOJ 5GOK 5HHC 5HHD 5I1N 5I1O 5I1P 5I1S 5I5A 5I5B 5J8P 5JBV 5JBY 5KX0 5N8J 5N8W 5X3M 5X3O 5XDP 5XPK 6BEW 6BF3 6BF5 6CNU 6COT 6COU 6JV7 6PHK 6PHM 6PHN 6PHQ 6PSA 6SPW 6SPX 6UDR 6UDW 6WI3 7LL8 7LL9 7P5R 7YH8 8EQI 8F0Z 8F10 8F12 8F13 8F14 8F15 8F16 8F17 8GQP 8JH6 8P6Q 8Q1L 8S8N 8UM9 8UMA 9DXX 9F00 9F01 9J8T 9JAZ 9JB0 9JB1 9JB2
DCY,94,1C4B 1CZQ 1E9W 1OLN 1PCG 1XBH 2AOU 2JQ7 2JUE 2KQL 2L2W 2L2Z 2Q33 2Q3I 2R3C 2R5B 2R5D 2Z7X 3AX3 3AX5 3BOG 3CF5 3FIE 3GO0 3L35 3L36 3L37 3MGN 3UE7 4G35 4GLS 4GLU 4HP2 4OIJ 4OIK 4TTK 4TTM 4TTN 4TTO 5D8H 5E5T 5E5Y 5HHD 5I5A 5I5B 5INZ 5KX0 5LFH 5NES 5NF0 5NGQ 5OJT 5U9T 5U9U 6BES 6BEU 6C1D 6CNU 6JV7 6KZF 6L63 6MXF 6PSA 6PV9 6QTF 6XBE 6XBF 6XCI 7M3G 7MDX 7RIH 7RIJ 7RMQ 7RMR 7RMS 7XNA 8CN6 8F0Z 8F10 8F12 8F13 8F14 8F15 8F16 8F17 8HR3 8HR4 8P6Q 9CQ0 9DXX 9F00 9F01 9IK9 9J3S
DGL,140,1C4B 1CVQ 1CW8 1CWZ 1CZQ 1HBT 1MCK 1QUR 2AIZ 2JUE 2KJU 2KQL 2Q33 2Q3I 2R3C 2R5B 2R5D 3FHV 3GO0 3IWY 3L35 3L36 3L37 3LNJ 3MGN 3TJW 3TPX 3TRV 3TRY 3UE7 3V1G 4BXE 4CHX 4GLN 4GLS 4GLU 4K7T 4OIJ 4OIK 4THN 4TTM 4TTN 4TTO 5AA2 5CGN 5CGO 5CTV 5E5T 5E5Y 5GDS 5GO7 5GO8 5GOB 5GOC 5GOD 5GOG 5GOH 5GOI 5GOJ 5GOK 5HHC 5HHD 5I1N 5I1O 5I1P 5I1S 5J8P 5JBV 5JBY 5KX0 5N8J 5N8W 5X3M 5X3O 5XDP 5XPK 6BEN 6BER 6BET 6BEW 6CNU 6FBT 6FCR 6FCS 6JV7 6KZF 6KZU 6PSA 6TVJ 6UCX 6UD9 6UDZ 6UF4 6UF7 6UF8 6UF9 6UFA 6UFU 6UG2 6YFY 7AJZ 7KJM 7KJN 7LL8 7LL9 7Q4T 7QDI 7QGV 7RIH 7RIJ 7RMQ 7RMR 7RMS 7YH8 8AVR 8AVS 8AVT 8AVU 8BFD 8EQI 8F10 8F12 8F13 8F14 8F15 8F16 8GQP 8JH6 8P6Q 8S2A 8S2B 8S2C 8S2D 8S4L 9DZ0 9EPS 9F00 9F01 9TB1 9VLA
DGN,86,1BFW 1EPR 1YJ1 1ZEA 2FCM 2JX4 2LDJ 2Q33 2Q3I 2R3C 2R5B 2R5D 2W76 3GO0 3L35 3L36 3L37 3TJW 3TRV 3TRY 4GLS 4GLU 4OIJ 4OIK 5GO7 5GO8 5GOB 5GOC 5GOD 5GOG 5GOH 5GOI 5GOJ 5GOK 5HHD 5I1N 5I1O 5I1P 5I1S 5I5A 5I5B 5J8P 5JBV 5JBY 5X3M 5X3O 5XDP 5XPK 6BE7 6BEN 6BEO 6BEW 6CNU 6JV7 6KZF 6O4M 6PHM 6PHN 6PHQ 6PSA 6UDR 6UDW 6UF9 6UFA 7LL8 7LL9 7P5R 7QGV 8AVR 8AVS 8AVT 8AVU 8F0Z 8F12 8F13 8F15 8FVM 8JH6 8P6Q 8S2A 8S2B 8S2D 8S8N 9F00 9F01 9J8T
DHI,82,1CZQ 1ER8 1MCB 1MCL 1MCN 1ZEA 2KQL 2M2O 2M2P 3APR 3BOG 3L35 3L36 3L37 3TJW 3TRV 3TRY 4GLS 4GLU 4OIJ 4OIK 5CGN 5CGO 5E5T 5E5Y 5F1W 5GO7 5GO8 5GOB 5GOC 5GOD 5GOG 5GOH 5GOI 5GOJ 5GOK 5HHD 5I1N 5I1O 5I1P 5I1S 5I5A 5I5B 5J8P 5JBV 5JBY 5N8W 5X3M 5X3O 5XDP 5XPK 6BEO 6BER 6BEW 6JV7 6PHM 6PHN 6PSA 6UF8 6UF9 6UFA 6Y0W 7B3J 7B3K 7F9Z 7LL8 7LL9 7UTD 7UUR 7UUS 7YH8 8DQV 8F0Z 8F10 8F16 8F17 8JH6 8P6Q 9F00 9F01 9NCN 9NCO
DIL,73,1AQ7 1C4B 1CVQ 1CW8 1CWZ 2AP8 2KQL 2Q33 3GO0 3UE7 4GLN 4GLS 4GLU 4OIJ 4OIK 4TTK 4Y1C 5CGN 5CGO 5E5T 5E5Y 5GO7 5GO8 5GOB 5GOC 5GOD 5GOG 5GOH 5GOI 5GOJ 5GOK 5HHC 5HHD 5I5A 5I5B 5J8P 5JBV 5JBY 5X3M 5X3O 5XDP 5XPK 6CNU 6JV7 6KZF 6O4M 6UF7 7LL8 7LL9 7P5R 7RIH 7RIJ 7RMQ 7RMR 7RMS 7YH8 8AVR 8AVS 8AVT 8AVU 8F14 8F17 8GQP 8JH6 8P6Q 9B4I 9B4J 9B4K 9B4L 9DXX 9F00 9F01 9XD0
DLE,188,1AL4 1ALX 1ALZ 1AV2 1BDW 1BFW 1C4B 1C4D 1CZQ 1GMK 1GRM 1JNO 1JO3 1JO4 1KQE 1MAG 1MIC 1NG8 1NRM 1NRU 1NT5 1NT6 1TKQ 1TPS 1W5U 1YY2 2IZQ 2JUE 2KQL 2M6C 2M6D 2M6E 2M6F 2NPV 2NYQ 2Q33 2Q3I 2R3C 2R5B 2R5D 2XDC 2Y5M 2Y6N 3GO0 3IWY 3L35 3L36 3L37 3L8L 3LNJ 3MGN 3TJW 3TPX 3TRV 3TRY 3UE7 3ZQ8 4GLN 4GLS 4GLU 4JAA 4OIJ 4OIK 4TTM 4TTN 4TTO 5CGN 5CGO 5E5T 5E5Y 5F1W 5GO7 5GO8 5GOB 5GOC 5GOD 5GOG 5GOH 5GOI 5GOJ 5GOK 5HHC 5HHD 5I1N 5I1O 5I1P 5I1S 5I5A 5I5B 5J8P 5JBV 5JBY 5N8J 5X3M 5X3O 5XDP 5XPK 6ANM 6ANN 6BEQ 6CNU 6COV 6EGL 6EGM 6EGN 6J31 6JV7 6KZF 6KZU 6O4M 6PHM 6PHN 6PHQ 6PSA 6Q6W 6Q6X 6Q77 6Q79 6Q85 6Q86 6Q87 6Q8D 6Q8G 6Q8H 6UF9 6UFA 6Y0W 6Y0X 7B3J 7B3K 7KJM 7KJN 7L96 7LL8 7LL9 7NEW 7OC2 7OS8 7OSD 7P5R 7QDI 7RC6 7RIH 7RIJ 7RMQ 7RMR 7RMS 7UBC 7UBG 7UZL 7YH8 8AN9 8ANO 8ANR 8AOO 8AVR 8AVS 8AVT 8AVU 8CUF 8CUG 8DEV 8F15 8F17 8GQP 8JH6 8P6Q 8Q1L 8S2A 8S2B 8S2D 8S4L 8S8N 9B4I 9B4J 9B4K 9B4L 9BC4 9EPS 9F00 9F01 9IO3 9J3S 9J8T 9NAT 9YDP 9YDQ 9YDR
DLY,153,1C4B 1YWH 2KI4 2KI6 2KQL 2M7I 2Q33 2R3C 2R5B 2R5D 3BOG 3C1P 3L35 3L36 3L37 3LNJ 3MGN 3TJW 3TPX 3TRV 3TRY 4GLN 4GLS 4GLU 4OIJ 4OIK 4TTK 5CGN 5CGO 5E5T 5E5Y 5GO7 5GO8 5GOB 5GOC 5GOD 5GOG 5GOH 5GOI 5GOJ 5GOK 5HHC 5HHD 5I1N 5I1O 5I1P 5I1S 5I5A 5I5B 5I6A 5J8P 5JBV 5JBY 5KX0 5LRG 5LRJ 5LRK 5MCQ 5N8W 5NES 5NEY 5NF0 5X3M 5X3O 5XDP 5XPK 5ZMQ 5ZMS 6BE9 6BES 6BET 6CNU 6JV7 6KZF 6O4M 6PHM 6PHN 6PHQ 6PSA 6Q6W 6Q6X 6Q77 6Q79 6Q85 6Q86 6Q87 6Q8D 6Q8G 6Q8H 6S35 6S5R 6TCH 6TT6 6UCX 6UD9 6UDZ 6UF4 6UF8 6UF9 6UFA 6WHN 6WHO 6WHQ 6WHZ 6XCI 6Y0U 6Y0V 6Y0W 6Y0X 7F9Z 7KJM 7KJN 7LL8 7LL9 7OOX 7P5R 7QDI 7RIH 7RIJ 7RMQ 7RMR 7RMS 7YH8 8AN9 8ANO 8ANR 8AOO 8AVR 8AVS 8AVT 8AVU 8BFD 8CUF 8CUG 8GQP 8HR3 8HR4 8JH6 8P6Q 8X3N 8X40 9B4I 9B4J 9B4K 9B4L 9BIC 9DXX 9F00 9F01 9IKO 9ILX 9IO3 9J3S
DPN,181,1ABI 1B0Q 1BFW 1GO9 1GOE 1IHS 1IHT 1MCB 1MCC 1MCD 1MCE 1MCF 1MCI 1MCS 1NRQ 1PXQ 1SOC 1TK2 1TMB 1TMT 1YL8 1YL9 2HGT 2JND 2JQB 2JRY 2N7N 2Q33 2Q3I 2RM9 2RMD 2RME 2RMI 2SOC 2WPH 2WPI 2WPJ 2WPK 2WPL 2WW6 2YYF 3E0N 3GO0 3IWY 3MGN 3TJW 3TRV 3TRY 3U8O 3U8R 3U8T 3UE7 3VVR 3VVS 3VXE 3VXF 4GLN 4GLS 4GLU 4K7T 4KS6 4M6E 4OIJ 4OIK 4TTK 5CGH 5CGN 5CGO 5E5T 5E5Y 5GO7 5GO8 5GOB 5GOC 5GOD 5GOG 5GOH 5GOI 5GOJ 5GOK 5HHC 5HHD 5I1N 5I1O 5I1P 5I1S 5I5A 5I5B 5J8P 5JBV 5JBY 5X3M 5X3O 5XDP 5XPK 5YZD 6ANM 6B34 6B35 6BVU 6BVW 6BVX 6BVY 6COS 6FCE 6JV7 6KZF 6MW0 6MW2 6PHM 6PHN 6VC1 6X5I 6Y0W 6Y9H 6YB6 7AUE 7AXP 7AXQ 7AXS 7AXX 7F4F 7F4H 7F54 7F55 7F9Z 7KJM 7KJN 7LL8 7LL9 7LSP 7OBV 7P0A 7P0T 7P5R 7PIU 7PIV 7QFT 7QFV 7RIH 7RIJ 7T11 7T6E 7U60 7W40 7XAU 7Y24 7Y26 7YAE 7YH8 7ZWK 8AVR 8AVS 8AVT 8AVU 8DDF 8DST 8EF4 8F0Z 8F10 8F14 8F15 8F1F 8FEG 8FOF 8GQP 8JH6 8P6Q 8RC7 8W6Z 8X8N 8Y52 8ZBE 9BJN 9BJO 9DXX 9DZ0 9F00 9F01 9J8T 9PPY
DPR,233,1BFW 1H0G 1IC9 1ICL 1ICO 1JY4 1JY6 1JY9 1MCB 1MCC 1MCD 1MCE 1MCF 1MCI 1MCK 1MCQ 1MCR 1MCS 1SN9 1SNA 1SNE 1T8J 1W9U 1WAW 1XOF 1ZEA 2AXI 2I5Y 2I60 2JUE 2KDQ 2KQL 2KX5 2M7I 2M7J 2N1E 2N4N 2N6H 2NBL 2Q33 2R3C 2R5B 2R5D 3AI6 3BOG 3FHV 3GO0 3IWY 3L35 3L36 3L37 3MGN 3OE0 3TJW 3TRV 3TRY 3UE7 3WNG 4CXL 4GLS 4GLU 4JZW 4JZZ 4K0A 4KA2 4KGT 4LAJ 4OIJ 4OIK 4PJZ 4PK0 4R4F 4R4N 4RFN 4RFO 4TTK 4TTM 4TTN 4TTO 5E5T 5E5Y 5EFJ 5GO7 5GO8 5GOB 5GOC 5GOD 5GOG 5GOH 5GOI 5GOJ 5GOK 5HHD 5I1N 5I1O 5I1P 5I1S 5I5A 5I5B 5J0M 5J1O 5J2W 5J8P 5JBV 5JBY 5KJR 5KVN 5KWP 5KWX 5KX0 5KX2 5MBW 5MCQ 5N8W 5N99 5UZZ 5W4L 5X3M 5X3O 5XDP 5XPK 6BE7 6BE9 6BEN 6BEO 6BEQ 6BER 6BES 6BET 6BEU 6BF3 6BF5 6D2U 6DZ9 6DZA 6DZB 6DZC 6DZE 6E5H 6E5I 6E5J 6E5K 6JV7 6KZF 6MFP 6MG7 6O4M 6PSA 6PV0 6QEV 6QFK 6TT6 6TVJ 6UCX 6UD9 6UDR 6UDW 6UDZ 6UF4 6UF7 6UF8 6W4M 6XCI 7AR4 7B3J 7B3K 7B4T 7B4U 7B4V 7B4W 7DNE 7DNF 7L96 7LL8 7LL9 7LOK 7N8Q 7RIH 7RIJ 7RMQ 7RMR 7RMS 7UBC 7UBD 7UBE 7UBF 7UBG 7UBH 7UBI 7UCP 7UZL 8AVR 8AVS 8AVT 8AVU 8BI8 8BI9 8CTO 8CUN 8CWA 8ES0 8ES3 8F0Z 8F10 8F12 8F13 8F14 8F15 8F16 8F17 8G0X 8GQP 8OKY 8TM9 8TYI 8VX7 9DOX 9DOY 9DP0 9DXX 9E3Y 9E3Z 9F00 9F01 9I8W 9I8X 9J8U 9OL7 9OL8 9OL9 9OLA 9PHS 9PHT
DSG,92,1T5M 1T5N 1XT7 2IGZ 2IH0 2JUE 2KQL 2LBZ 2Q33 2RQO 3BOG 3LNJ 3TJW 3TPX 3TRV 3TRY 3UE7 3V0X 4GLN 4GLS 4GLU 4OIJ 4OIK 4OXD 4TTM 4TTN 4TTO 5CGN 5CGO 5E5T 5E5Y 5GO7 5GO8 5GOB 5GOC 5GOD 5GOG 5GOH 5GOI 5GOJ 5GOK 5HHC 5HHD 5I1N 5I1O 5I1P 5I1S 5J8P 5JBV 5JBY 5KWO 5N8J 5X3M 5X3O 5XDP 5XPK 6BE9 6BEU 6J31 6JV7 6KZF 6KZU 6PHM 6PHN 6PHQ 6UF8 7B3J 7B3K 7LL8 7LL9 7P5R 7RC6 7RIH 7RIJ 7RMQ 7RMR 7RMS 7TZ3 8AVR 8AVS 8AVT 8AVU 8F0Z 8F10 8F14 8GQP 8JH6 8P6Q 9DXX 9F00 9F01 9J8T
DSN,162,185D 193D 1BFW 1CYN 1PFE 1T5M 1T5N 1TD4 1UHG 1VS2 1VTG 1XKH 1XT7 1XVK 1XVN 1XVR 1YWH 1ZEA 2ADW 2DA8 2HH4 2IAH 2IGZ 2IH0 2JUE 2KQL 2L2Z 2LBZ 2N5Y 2Q33 2R3C 2RQO 2UZP 2W16 2W6T 2W6U 2W76 2W77 3BOG 3GO3 3TJW 3TRV 3TRY 3UE7 4GLN 4GLS 4GLU 4JK5 4MQ9 4NEC 4OIJ 4OIK 4OIN 4OIP 4OIQ 4OIR 4TTK 4TTM 4TTN 4TTO 5E5T 5E5Y 5F1W 5GIW 5GO7 5GO8 5GOB 5GOC 5GOD 5GOG 5GOH 5GOI 5GOJ 5GOK 5HHC 5HHD 5I1N 5I1O 5I1P 5I1S 5I5A 5I5B 5J8P 5JBV 5JBY 5N8J 5NIQ 5X3M 5X3O 5XDP 5XPK 5YTY 5YTZ 6BES 6BEW 6CNU 6JV7 6KZF 6O4M 6PHM 6PHN 6PHQ 6U3I 6UF7 6UFU 6UG2 6WI3 6WSJ 7DQ0 7DQ8 7LL8 7LL9 7MDX 7P5R 7QQ5 7RIH 7RIJ 7RMQ 7RMR 7RMS 7T6E 7UGW 7X6R 7X97 7X9F 7XDJ 8AVR 8AVS 8AVT 8AVU 8CN6 8DST 8EQI 8F0Z 8F10 8F15 8F16 8F17 8FOF 8G82 8GQP 8JH6 8JIU 8P6Q 8Q1L 8S2A 8S2B 8S2C 8S2D 8S4L 8S8N 8XP8 8XPB 8YS7 9B4J 9BJN 9BJO 9DXX 9EPS 9F00 9F01 9VLA
DTH,131,2JUE 2KQL 2L9X 2Q33 3BOG 3GO0 3LNJ 3TJW 3TPX 3TRV 3TRY 3U8O 3UE7 4GLN 4GLS 4GLU 4OIJ 4OIK 4TTK 4TTM 4TTN 4TTO 5E5T 5E5Y 5F1W 5GO7 5GO8 5GOB 5GOC 5GOD 5GOG 5GOH 5GOI 5GOJ 5GOK 5HHC 5HHD 5I1N 5I1O 5I1P 5I1S 5I5A 5I5B 5J8P 5JBV 5JBY 5L3F 5L3G 5N8W 5X3M 5X3O 5XDP 5XPK 6BEQ 6BF3 6BF5 6CNU 6E00 6JV7 6KZF 6O4M 6PHM 6PHN 6PHQ 6T1Y 6T20 6T25 6UDR 6UDW 6WI3 6YFY 7AD9 7LL8 7OOJ 7P1G 7PDZ 7PLT 7PLU 7PLV 7PLW 7PLX 7PM5 7PM6 7PM7 7PM8 7PM9 7PMA 7PMB 7PMC 7PMD 7PME 7PMF 7PMG 7PMH 7PMI 7PMJ 7PML 7QGV 7RC6 7RIH 7RIJ 7TPT 7YH8 8AVR 8AVS 8AVT 8AVU 8JH6 8OI6 8P6Q 8P94 8RTT 8RTY 8U78 8V30 8V4B 8XGO 9B4I 9B4J 9B4K 9B4L 9BIC 9DUU 9DUV 9F00 9F01 9FJM 9FJU 9FJY 9I2B 9J8T
DTR,120,1CZQ 1DFY 1DFZ 1DG0 1NXN 1QFB 1SOC 1XXZ 1XY4 1XY5 1XY6 1XY8 1XY9 1YL8 1YL9 2JUE 2M6G 2M6H 2N5Y 2Q33 2Q3I 2R3C 2R5B 2R5D 2SOC 3GO0 3IWY 3L35 3L36 3L37 3LNJ 3MGN 3TJW 3TPX 3TRV 3TRY 3WMG 4D5M 4GLN 4GLS 4OIJ 4OIK 4TTM 4TTN 4TTO 5B4W 5HHC 5HHD 5I1N 5I1O 5I1P 5I1S 5L34 5N8W 5NES 5NEY 5NF0 6AAW 6AK0 6CNU 6KZF 6O4M 6PHM 6PHN 6PHQ 6PSA 6TT6 6VC1 6Y0W 6Y1Q 7F9Z 7KJM 7KJN 7LL8 7LL9 7P5R 7Q5A 7Q5G 7RMQ 7RMR 7RMS 7SMU 7T11 7XAU 7XAV 7XNA 7Y24 7Y26 7YAE 7YH8 8AVR 8AVS 8AVT 8AVU 8BFD 8F0Z 8F10 8F12 8F13 8F14 8F15 8F16 8F17 8G1W 8P6Q 8X8N 8XIP 8XIR 8ZBE 8ZCJ 9B4I 9B4J 9B4K 9B4L 9F00 9F01 9IK8 9IK9 9J8T 9L3Z
DTY,153,1C4B 1D7T 1UNO 1XA0 1ZEA 2H9E 2IGZ 2IH0 2LA0 2Q33 2R5B 2R5D 3FHV 3GO0 3L35 3L36 3L37 3LNJ 3RUL 3TPX 3UE7 4GLN 4GLS 4GLU 4OIJ 4OIK 5E5T 5E5Y 5GO7 5GO8 5GOB 5GOC 5GOD 5GOG 5GOH 5GOI 5GOJ 5GOK 5HHC 5HHD 5I5A 5I5B 5J8P 5JBV 5JBY 5KEZ 5KGN 5LY1 5LY2 5N8J 5NGQ 5X3M 5X3O 5XDP 5XPK 6BES 6JV7 6KZF 6KZU 6L63 6LYC 6PHM 6PHN 6PHQ 6PSA 6Q6W 6Q6X 6Q79 6Q85 6Q86 6Q87 6Q8D 6Q8H 6S5R 6WGN 6X5I 6XS5 6XS7 6XS8 6Y0W 6Y0X 6YW1 6YW2 6YW3 6YW4 7BAG 7BPH 7E5E 7KJM 7KJN 7KNF 7KNG 7L4Z 7LL8 7LL9 7P5R 7RIH 7RIJ 7RMQ 7RMR 7RMS 7RNW 7T6E 7TL7 7TL8 7TZ3 7XNA 7YH8 7Z4S 8AVR 8AVS 8AVT 8AVU 8DDF 8DST 8F0Z 8F10 8F12 8F13 8F14 8F16 8F17 8F4B 8FEG 8FOF 8JH6 8P6Q 8XGU 8ZJE 9BC1 9BJO 9BT7 9DXX 9F00 9F01 9GVU 9IK9 9J8T 9J8U 9PMW 9PN0 9PPY 9V8D 9V8E 9V8F 9V8G 9V8H 9X2Q 9X2U 9X2V 9X2W 9X2X 9X2Y
DVA,196,173D 1A7Y 1A7Z 1AL4 1ALX 1ALZ 1AV2 1BDW 1BFW 1C4D 1DSC 1DSD 1FJA 1GMK 1GRM 1I3W 1JNO 1JO3 1JO4 1KQE 1L1V 1MAG 1MIC 1MNV 1NG8 1NRM 1NRU 1NT5 1NT6 1OVF 1QFI 1S4V 1TKQ 1UNJ 1UNM 1W5U 1ZEA 209D 2D55 2FCN 2IZQ 2JUE 2Q33 2X3T 2XDC 2Y5M 2Y6N 316D 3BOG 3L8L 3MGN 3TJW 3TRV 3TRY 3UE7 3WNH 3ZQ8 4GLN 4GLS 4GLU 4HIV 4JNA 4MQ9 4OIJ 4OIK 4OIN 4OIP 4OIQ 4OIR 4TTM 4TTN 4TTO 4Y1D 5CGN 5CGO 5E5T 5E5Y 5F1W 5GO7 5GO8 5GOB 5GOC 5GOD 5GOG 5GOH 5GOI 5GOJ 5GOK 5HHC 5HHD 5I1N 5I1O 5I1P 5I1S 5INZ 5J8P 5JBV 5JBY 5N8J 5X3M 5X3O 5XDP 5XPK 6BEQ 6BER 6BET 6BEU 6ECD 6ECE 6ECF 6FI4 6J0H 6J31 6JV7 6KZF 6L91 6L9B 6L9D 6LJI 6O4M 6PHL 6PHM 6PHQ 6UCX 6UD9 6UDZ 6UF4 6UG3 6UG6 7DQ0 7DQ8 7KJM 7KJN 7LL8 7LL9 7P5R 7QQ3 7RC6 7RIH 7RIJ 7RMQ 7RMR 7RMS 7UBC 7UBD 7UBE 7UBF 7UBG 7UBH 7UBI 7UZL 7X6R 7X97 7X9F 7XDJ 8AVR 8AVS 8AVT 8AVU 8B7Y 8CTO 8CUN 8CWA 8F0Z 8F10 8F12 8F13 8F17 8FVM 8GQP 8JH6 8P6Q 8S2A 8S2B 8S2C 8S2D 8YS7 9B4I 9B4J 9B4K 9B4L 9DYY 9DYZ 9F00 9F01 9IK9 9JL7 9KD7 9KD8 9KD9 9KDN 9KDO 9KDQ 9KGQ 9N35 9XGK
MED,35,1ZUE 2Q33 3TJW 3TRV 3TRY 4GLS 4GLU 4OIJ 4OIK 5CGN 5CGO 5HHD 5I1N 5I1O 5I1P 5I1S 5I5A 5I5B 5XPK 6CNU 6JV7 6PHM 6PHN 6PHQ 6WI3 7P5R 8AVR 8AVS 8AVT 8AVU 8F16 8JH6 8P6Q 8XZF 9N35
